77kids -> 77 kids
^cinema.* -> cinema
^sally’s -> sally
^sallys -> sally
90’s nails -> 90s nails
aaronbrothers -> aaron brothers
accesories -> accessories
all american frozen -> all american ice cream
allure -> allure
andersson -> anderson
apple inc -> apple computer
apple store -> apple computer
aqua.*spa -> aqua spa
ardenb -> arden b
avis.*car -> avis car
babbagesgame -> babbages game
babies ‘r -> babies r
babiesr -> babies r
babygap -> baby gap
babys r -> babies r
back yard -> backyard
baja mexican -> baja fresh
barnes and noble -> barnes noble
barnesnoble -> barnes noble
bed .*beyond -> bed beyond
beldens jewel -> belden jewel
bennett auto -> bennet auto
best buy mobile -> best buy
best buy modile -> best buy
best buy office -> best buy
betsey johnson -> betsy johnson
bistro at -> bistro
bj's -> bjs
black angus -> black angus
black diamond skatepark -> black diamond skate park
boeaubelle -> boeau belle
brooklyns -> brooklyn
browz around -> browz a round
bubba gump shimp -> bubba gump shrimp
buffalo wingsrings -> buffalo wild wings
cajungrill -> cajun grill
cali pro nail -> cali pronail
cali pro nails -> cali pronail
cali pronails -> cali pronail
century .* theaters -> century theaters
champs sp -> champs sport
china town -> chinatown
chrisian -> christian
christopher and banks -> christopherbanks
co-op -> coop
coming soon -> coming soon
crabshack -> crab shack
cup cakery -> cupcakery
dial nstyle -> dial n style
dippin' dots -> dippin dots
dippindots -> dippin dots
direct source furniture -> direct furniture
direct tv -> directv
dolce \w* salon -> dolce salon
doloresreligious -> dolores religious
doubletree -> double tree
dr; -> dr
dressbarn -> dress barn
drs -> dr
edge by ks -> edge
edward d jones -> edward jones
edwards \d* cimenas -> edwards theatre
einstein \w bagels -> einstein bagels
encore [0-9]* -> encore
escobar \w* tailoring -> escobar tailoring
evensons hallmark -> evenson hallmark
executive celluar -> executive cellular
expressexpress -> express
fast-fix jewelery -> fast fix jewelery
fink jewelers -> finks jewelers
flemmings -> flemings
flemmings -> flemings
fletchers music -> fletcher music
flipflopshops -> flip flop shops
foot locker -> footlocker
forever xxi -> forever 21
forever21 -> forever 21
francesca’s -> francescas
francescos -> francescas
frederick’s -> fredericks
freedom wireless -> verison
frulati -> frullati
funk-e-breeze -> funk e breeze
furnish 1-2-3 -> furnish 1 2 3
furnish 123 -> furnish 1 2 3
fusion salonspa -> fusion spa
g n c -> gnc
gamestop -> game stop
gen19 -> gen 19
general nutrition center -> gnc
georgios pizze -> georgios pizza
ghirardelli -> ghiradelli
glow golf -> glowgolf
gold ndiamonds -> gold n diamonds
gold nheart jewelers -> gold n heart jewelers
gold njewels -> gold n jewels
gold ntime -> gold n time
goldn -> gold n
goldr -> gold r
goumet -> gourmet
great outdoor prov -> great outdoor provision
greenberg -> greenbergs
gyu kaku -> gyu-kaku
harris jewelry -> harris jewelers
harry richie -> harry ritchie
hh gregg -> hhgregg
hibbet -> hibbett
himalayen -> himalayan
hollywood theater -> hollywood theatre
hometowne sports -> hometown sports
horseshoeshandgrenades -> horseshoeshand grenades
hr; block -> hr block
integrity wireless -> t-mobile
invisiblesheild -> invisible sheild
itz-a-puzzle -> itz a puzzle
^j b  -> jb
j c penney -> jcpenney
jack-in-the-box -> jack in the box
jackson hewit -> jackson hewitt
jc penney -> jcpenney
jc penny -> jcpenney
jcpenny -> jcpenney
jeweler -> jewelry
jewelers -> jewelry
jimmy buffets -> jimmy buffetts
jo-ann -> joann
journey kids -> journeys kids
journey kidz -> journeys kidz
jump 4 joy -> jump for joy
just horse naround -> just horsen around
^k b  -> kb
k f c -> kfc
kay jewel -> kay jewelers
keiths .* furniture -> keiths furniture
kellar -> keller
kentucky fried chicken -> kfc
kerby’s koney island -> kerbys koney island
kirklins hallmark -> kirlins hallmark
kirlin’s -> kirlins
korean barbecue -> korean bbq
^l a  -> la
l e a p s  -> leaps
^l k  -> lk
^l l  -> ll
l m t d -> limited
la parilla -> la parrilla
lay-z-boy -> la-z-boy
lipoillusion -> lipo illusion
lk; -> lk
ll; -> ll
lollilocko -> lollilocks
lucielles -> lucilles
m a c -> mac
macy?s -> macys
macy’s -> macys
macy*s -> macys
maggianos little ltaly -> maggianos little italy
maggiemoos -> maggie moos
maid rite -> maid-rite
mainland surfskate -> mainland skate
manago -> mango
max ; -> max
max studio -> maxstudio
mc donalds -> mcdonalds
mens warehouse -> mens wearhouse
mens wear -> menswear
metropcs -> metro pcs
miamaxx -> miamax
mimi’s cafe -> mimis cafe
mineral make-up -> mineral make up
mineral makeup -> mineral make up
mitchells hair styling -> mitchells hairstyling
mobile solutions -> t-mobile
monique’s -> moniques
mortons the steak house -> mortons steakhouse
mortons the steakhouse -> mortons steakhouse
motherhood® -> motherhood
motherood -> motherhood
mountain wear -> mountainwear
movies \d* -> movies (delete anything with extra digits)
mrs field’s -> mrs fields
ms; grill -> ms grill
my nail -> my nails
naartije -> naartijie
nestle tollhouse -> nestle toll house
nestles -> nestle
nestletoll -> nestle toll
nordstom -> nordstrom
nr; gold and silver -> nr gold and silver
obikamozzarella -> obika mozzarella
office max -> officemax
ono hawaiian bbq -> onos hawaiian bbq
optomerty -> optometry
paul mitchell the school -> paul mitchell school
peachmac -> peach mac
peguin -> penguin
penquin -> penguin
perfumegifts -> perfume gifts
perfumes 4u -> perfumes 4 u
pharmacy boardshop -> pharmacy board shop
philip pelusi -> phillip pelusi
philips seafood -> phillips seafood
pikins -> pickins
pinch-a-penny -> pinch a penny
piroshky-piroshky -> piroshky piroshky
pizzareia -> pizzaria
polacheks -> polachecks
police substation -> police sub station
polo by ralph -> polo ralph
pretzelmaker -> pretzel maker
pro activ -> pro active
pro active -> pro-active
pro-activ -> pro-active
proactiv -> pro-active
puffs-n-stuffs -> puffs n stuffs
puffsn stuff -> puffs n stuff
purses nmore -> purses more
pursesmore -> purses more
puzzel -> puzzle
quick fix-it -> quick fix it
radioshack -> radio shack
razz-matazz -> razz ma tazz
razzmatazz -> razz ma tazz
recreation equip -> recreation equipment
regal [0-9]* cinemas -> regal cinema
regal 18 megaplex -> regal cinema
regal theaters -> regal cinema
regal theatres -> regal cinema
riddle?s -> riddles
rite-aid -> rite aid
ritz-carlton -> ritz carlton
rocky mtn chocolate  -> rocky mountain chocolate
rogerhollands -> rogershollands
romanos macoroni -> romanos macaroni
ross-simons -> ross simons
rue21 -> rue 21
ruths chris steak house -> ruths chris steakhouse
sakkio of japan -> sakkio japan
sarku-japanese -> sarku japanese
savvi formalwear -> savvi formal wear
sd; underground -> sd underground
see’s -> sees
sees candy -> sees candies
seiki-shi -> seiki shi
shirt ofun -> shirt o fun
shoe depot -> shoe dept
sign-a-rama -> sign a rama
sign*a*rama -> sign a rama
sizes 5-7-9 -> size 5-7-9
smashburger -> smash burger
smoothies paradise -> smoothie paradise
solarx -> solar x
soltice sunglass -> solstice sunglass
somas intimates -> soma intimates
spotlight performance wea -> spotlight performance wear
stacy’s -> stacys
stacys mens wear -> stacys menswear
steak nbake -> steak n bake
steakbake -> steak n bake
steakhoagie -> steak hoagie
steakn shake -> steak n shake
straightner -> straightener
stride-rite -> stride rite
striderite -> stride rite
studio fx -> studio f x
suki-hana -> suki hana
sun wear -> sunwear
sunsights soltice -> sunsights solstice
sweet scentsnmore -> sweet scents-n-more
swim - n - sport -> swim n sport
swim nsport -> swim n sport
t - mobile -> t mobile
t -mobile -> t mobile
t g i fridays -> tgi fridays
t j maxx -> tj maxx
t-mobiel -> t mobile
t-mobil -> t mobile
t-mobile -> t mobile
taco john’s -> taco johns
tapestries by hanoli -> tapestries by hauoli
taqueria la chacha -> taqueria la cha cha
teescollectables -> teescollectibles
the art of tthreading -> the art of threading
the bon-ton -> the bon ton
the cheescake factory -> the cheesecake factory
the children’s -> the childrens
the cosmetic company -> the cosmetics company
the honeybaked ham -> the honey baked ham
theatre -> theater
things remebered -> things remembered
ticket master -> ticketmaster
ticketm -> ticketmaster
tmobile -> t mobile
tosconova -> toscanova
totesisotonersunglass -> totes isotoner sunglass
toys - r - us  -> toys r us
toys rus -> toys r us
toys-r-us -> toys r us
travelworks -> travel works
tricked out -> tricked-out
u s air force -> us air force
u s armed forces -> us armed forces
u s army -> us army
u s bank -> us bank
u s cellular -> us cellular
u s marine -> us marine
u s navy -> us navy
u s polo -> us polo
u s post office -> us post office
u s postal service -> us postal service
u s recruit -> us recruit
united states post office-> us post office
universi tees -> universitees
untd studio-self defense -> untd studios-self defense
victoria’ -> victoria
victorias -> victoria
victorias secret -> victoria secret
vikings -> viking
visionworks -> vision works
vitiman -> vitamin
weimans shoes -> weiman shoes
well fargo -> wells fargo
wendy’s -> wendys
wetzel pretzel -> wetzels pretzels
wetzel’s pretzels -> wetzels pretzels
whichwich -> which wich
white houseblack market -> white house black market
wicksn sticks -> wicks n sticks
wicksnsticks -> wicks n sticks
williams-sonoma -> williams sonoma
wings-pizza-n-things -> wings pizza n things
yardhouse -> yard house
yogenfruz -> yogen fruz
f y e -> fye
united states armed forces career center -> us armed forces
champs sportort -> champs sport
michaelkors -> michael kors
footaction -> foot action
applebee -> apple bee